Action,Target,Timestamp,x_Coordinates,y_Coordinates,browser,browserVersion,microtime,scrnwidth,scrnheight,ipAddress,inputValue,url,starttime,endtime,ctrl,alt,shift,meta,X,Y,scrnheigthipAddress
session_end,Page,2024-01-20T12:27:08.266Z,,,Chrome,120.0.0.0,15225.0,1536,864.0,,,,2024-01-20T12:27:07.825Z,2024-01-20T17:57:08.266Z,False,False,False,False,,,
session_end,Page,2024-01-30T07:23:07.913Z,,,Chrome,120.0.0.0,17247.79999998212,1536,864.0,,,,2024-01-30T07:23:07.518Z,2024-01-30T12:53:07.913Z,False,False,False,False,,,
session_end,Page,2024-01-20T12:27:08.266Z,,,Chrome,120.0.0.0,15225.0,1536,864.0,,,,2024-01-20T12:27:07.825Z,2024-01-20T17:57:08.266Z,False,False,False,False,,,
click,Page,2024-01-20T12:08:49.361Z,,,Chrome,120.0.0.0,2927.099999904633,1536,864.0,182.69.182.165,"(None,)",http://127.0.0.1:5000/,2024-01-20T12:08:49.361Z,,False,False,False,False,656.0,123.0,
session_end,Page,2024-01-20T12:26:57.470Z,,,Chrome,120.0.0.0,4708.800000190735,1536,864.0,,,,2024-01-20T12:26:54.696Z,2024-01-20T17:56:57.469Z,False,False,False,False,,,
click,Page,2024-01-20T12:08:49.361Z,,,Chrome,120.0.0.0,2927.099999904633,1536,864.0,182.69.182.165,"(None,)",http://127.0.0.1:5000/,2024-01-20T12:08:49.361Z,,False,False,False,False,656.0,123.0,
mousemove,Page,2024-01-20T12:08:48.857Z,,,Chrome,120.0.0.0,2423.599999904633,1536,864.0,182.69.182.165,"(None,)",http://127.0.0.1:5000/,2024-01-20T12:08:49.361Z,,False,False,False,False,656.0,123.0,
mousemove,Page,2024-01-20T12:08:48.801Z,,,Chrome,120.0.0.0,2367.4000000953674,1536,864.0,182.69.182.165,"(None,)",http://127.0.0.1:5000/,2024-01-20T12:08:49.361Z,,False,False,False,False,656.0,123.0,
mousemove,Page,2024-01-20T12:08:48.376Z,,,Chrome,120.0.0.0,1942.900000095368,1536,864.0,182.69.182.165,"(None,)",http://127.0.0.1:5000/,2024-01-20T12:08:49.361Z,,False,False,False,False,653.0,138.0,
mousemove,Page,2024-01-20T12:08:48.282Z,,,Chrome,120.0.0.0,1848.199999809265,1536,864.0,182.69.182.165,"(None,)",http://127.0.0.1:5000/,2024-01-20T12:08:49.361Z,,False,False,False,False,654.0,139.0,
mousemove,Page,2024-01-20T12:08:48.189Z,,,Chrome,120.0.0.0,1755.2999997138977,1536,864.0,182.69.182.165,"(None,)",http://127.0.0.1:5000/,2024-01-20T12:08:49.361Z,,False,False,False,False,654.0,140.0,
session_end,Page,2024-01-20T12:08:49.311Z,,,Chrome,120.0.0.0,2877.7999997138977,1536,864.0,,,,2024-01-20T12:08:48.857Z,2024-01-20T17:38:49.311Z,False,False,False,False,,,
mousemove,Page,2024-01-20T12:08:48.112Z,,,Chrome,120.0.0.0,1678.5,1536,864.0,182.69.182.165,"(None,)",http://127.0.0.1:5000/,2024-01-20T12:08:48.857Z,,False,False,False,False,654.0,142.0,
session_end,Page,2024-01-20T12:08:16.037Z,,,Chrome,120.0.0.0,39318.19999980927,1536,864.0,,,,2024-01-20T12:08:12.660Z,2024-01-20T17:38:16.037Z,False,False,False,False,,,
mousemove,Page,2024-01-20T12:08:47.876Z,,,Chrome,120.0.0.0,1442.5,1536,864.0,182.69.182.165,"(None,)",http://127.0.0.1:5000/,2024-01-20T12:08:48.801Z,,False,False,False,False,650.0,146.0,
session_end,Page,2024-01-20T12:08:16.037Z,,,Chrome,120.0.0.0,39318.19999980927,1536,864.0,,,,2024-01-20T12:08:12.660Z,2024-01-20T17:38:16.037Z,False,False,False,False,,,
mousemove,Page,2024-01-20T12:08:12.660Z,,,Chrome,120.0.0.0,35941.90000009537,1536,864.0,182.69.182.165,"(None,)",http://127.0.0.1:5000/,2024-01-20T12:08:12.660Z,,False,False,False,False,1003.0,0.0,
mousemove,Page,2024-01-20T12:08:05.177Z,,,Chrome,120.0.0.0,28458.80000019073,1536,864.0,182.69.182.165,"(None,)",http://127.0.0.1:5000/,2024-01-20T12:08:05.177Z,,False,False,False,False,934.0,2.0,
mousemove,Page,2024-01-20T12:07:42.636Z,,,Chrome,120.0.0.0,5922.400000095367,1536,864.0,182.69.182.165,"(None,)",http://127.0.0.1:5000/,2024-01-20T12:07:42.636Z,,False,False,False,False,809.0,1.0,
click,Page,2024-01-20T12:07:38.356Z,,,Chrome,120.0.0.0,1642.1999998092651,1536,864.0,182.69.182.165,"(None,)",http://127.0.0.1:5000/,2024-01-20T12:07:38.356Z,,False,False,False,False,645.0,129.0,
mousemove,Page,2024-01-20T12:07:37.961Z,,,Chrome,120.0.0.0,1246.9000000953674,1536,864.0,182.69.182.165,"(None,)",http://127.0.0.1:5000/,2024-01-20T12:07:38.356Z,,False,False,False,False,645.0,129.0,
session_end,Page,2024-01-20T12:07:38.306Z,,,Chrome,120.0.0.0,1592.5,1536,864.0,,,,2024-01-20T12:07:37.961Z,2024-01-20T17:37:38.306Z,False,False,False,False,,,
click,Page,2024-01-20T12:07:32.111Z,,,Chrome,120.0.0.0,30559.5,1536,864.0,182.69.182.165,"(None,)",http://127.0.0.1:5000/,2024-01-20T12:07:32.111Z,,False,False,False,False,654.0,127.0,
session_end,Page,2024-01-20T12:07:32.050Z,,,Chrome,120.0.0.0,30498.900000095367,1536,864.0,,,,2024-01-20T12:07:31.594Z,2024-01-20T17:37:32.050Z,False,False,False,False,,,
mousemove,Page,2024-01-20T12:07:31.594Z,,,Chrome,120.0.0.0,30042.80000019073,1536,864.0,182.69.182.165,"(None,)",http://127.0.0.1:5000/,2024-01-20T12:07:31.594Z,,False,False,False,False,654.0,127.0,
mousemove,Page,2024-01-20T12:07:29.329Z,,,Chrome,120.0.0.0,27778.0,1536,864.0,182.69.182.165,"(None,)",http://127.0.0.1:5000/,2024-01-20T12:07:29.329Z,,False,False,False,False,984.0,0.0,
mousemove,Page,2024-01-20T12:07:28.893Z,,,Chrome,120.0.0.0,27341.30000019073,1536,864.0,182.69.182.165,"(None,)",http://127.0.0.1:5000/,2024-01-20T12:07:29.329Z,,False,False,False,False,726.0,178.0,
mousemove,Page,2024-01-20T12:07:27.931Z,,,Chrome,120.0.0.0,26380.0,1536,864.0,182.69.182.165,"(None,)",http://127.0.0.1:5000/,2024-01-20T12:07:27.931Z,,False,False,False,False,721.0,164.0,
mousemove,Page,2024-01-20T12:07:11.761Z,,,Chrome,120.0.0.0,10209.300000190737,1536,864.0,182.69.182.165,"(None,)",http://127.0.0.1:5000/,2024-01-20T12:07:11.761Z,,False,False,False,False,709.0,0.0,
mousemove,Page,2024-01-20T12:07:03.747Z,,,Chrome,120.0.0.0,2196.0,1536,864.0,182.69.182.165,"(None,)",http://127.0.0.1:5000/,2024-01-20T12:07:03.747Z,,False,False,False,False,906.0,2.0,
mousemove,Page,2024-01-20T12:07:03.538Z,,,Chrome,120.0.0.0,1986.7000002861023,1536,864.0,182.69.182.165,"(None,)",http://127.0.0.1:5000/,2024-01-20T12:07:03.747Z,,False,False,False,False,810.0,72.0,
mousemove,Page,2024-01-20T12:07:03.271Z,,,Chrome,120.0.0.0,1719.2000002861023,1536,864.0,182.69.182.165,"(None,)",http://127.0.0.1:5000/,2024-01-20T12:07:03.747Z,,False,False,False,False,830.0,58.0,
mousemove,Page,2024-01-20T12:07:02.660Z,,,Chrome,120.0.0.0,1108.7000002861023,1536,864.0,182.69.182.165,"(None,)",http://127.0.0.1:5000/,2024-01-20T12:07:03.538Z,,False,False,False,False,673.0,50.0,
mousemove,Page,2024-01-20T12:06:51.268Z,,,Chrome,120.0.0.0,41018.2999997139,1536,864.0,182.69.182.165,"(None,)",http://127.0.0.1:5000/,2024-01-20T12:06:51.268Z,,False,False,False,False,659.0,135.0,
mousemove,Page,2024-01-20T12:06:48.127Z,,,Chrome,120.0.0.0,37877.40000009537,1536,864.0,182.69.182.165,"(None,)",http://127.0.0.1:5000/,2024-01-20T12:06:48.127Z,,False,False,False,False,621.0,276.0,
mousemove,Page,2024-01-20T12:06:25.498Z,,,Chrome,120.0.0.0,15253.400000095367,1536,864.0,182.69.182.165,"(None,)",http://127.0.0.1:5000/,2024-01-20T12:06:25.498Z,,False,False,False,False,718.0,79.0,
mousemove,Page,2024-01-20T12:06:17.689Z,,,Chrome,120.0.0.0,7444.5,1536,864.0,182.69.182.165,"(None,)",http://127.0.0.1:5000/,2024-01-20T12:06:17.689Z,,False,False,False,False,570.0,146.0,
mousemove,Page,2024-01-20T12:06:15.358Z,,,Chrome,120.0.0.0,5113.299999713898,1536,864.0,182.69.182.165,"(None,)",http://127.0.0.1:5000/,2024-01-20T12:06:17.689Z,,False,False,False,False,564.0,336.0,
mousemove,Page,2024-01-20T12:06:13.032Z,,,Chrome,120.0.0.0,2787.599999904633,1536,864.0,182.69.182.165,"(None,)",http://127.0.0.1:5000/,2024-01-20T12:06:13.032Z,,False,False,False,False,853.0,574.0,
mousemove,Page,2024-01-20T12:06:12.719Z,,,Chrome,120.0.0.0,2473.7999997138977,1536,864.0,182.69.182.165,"(None,)",http://127.0.0.1:5000/,2024-01-20T12:06:13.032Z,,False,False,False,False,832.0,469.0,
mousemove,Page,2024-01-20T12:06:11.260Z,,,Chrome,120.0.0.0,1015.4000000953674,1536,864.0,182.69.182.165,"(None,)",http://127.0.0.1:5000/,2024-01-20T12:06:12.719Z,,False,False,False,False,912.0,1.0,
mousemove,Page,2024-01-20T12:05:50.033Z,,,Chrome,120.0.0.0,7040.799999713898,1536,864.0,182.69.182.165,"(None,)",http://127.0.0.1:5000/,2024-01-20T12:05:50.033Z,,False,False,False,False,165.0,58.0,
click,Page,2024-01-20T12:05:46.576Z,,,Chrome,120.0.0.0,3584.5,1536,864.0,182.69.182.165,"(None,)",http://127.0.0.1:5000/,2024-01-20T12:05:46.576Z,,False,False,False,False,670.0,121.0,
session_end,Page,2024-01-20T12:05:46.517Z,,,Chrome,120.0.0.0,3525.4000000953674,1536,864.0,,,,2024-01-20T12:05:46.044Z,2024-01-20T17:35:46.517Z,False,False,False,False,,,
mousemove,Page,2024-01-20T12:05:46.044Z,,,Chrome,120.0.0.0,3051.7999997138977,1536,864.0,182.69.182.165,"(None,)",http://127.0.0.1:5000/,2024-01-20T12:05:46.044Z,,False,False,False,False,670.0,121.0,
click,Page,2024-01-20T12:05:45.586Z,,,Chrome,120.0.0.0,2594.0,1536,864.0,182.69.182.165,"(None,)",http://127.0.0.1:5000/,2024-01-20T12:05:46.044Z,,False,False,False,False,670.0,117.0,
mousemove,Page,2024-01-20T12:05:45.163Z,,,Chrome,120.0.0.0,2171.4000000953674,1536,864.0,182.69.182.165,"(None,)",http://127.0.0.1:5000/,2024-01-20T12:05:45.586Z,,False,False,False,False,670.0,117.0,
mousemove,Page,2024-01-20T12:05:44.166Z,,,Chrome,120.0.0.0,1174.1999998092651,1536,864.0,182.69.182.165,"(None,)",http://127.0.0.1:5000/,2024-01-20T12:05:45.163Z,,False,False,False,False,605.0,409.0,
session_end,Page,2024-01-20T11:50:06.441Z,,,Chrome,120.0.0.0,60062.10000038147,1536,864.0,,,,2024-01-20T11:50:04.544Z,2024-01-20T17:20:06.441Z,False,False,False,False,,,
mousemove,Page,2024-01-20T11:50:04.544Z,,,Chrome,120.0.0.0,58169.800000190735,1536,864.0,182.69.182.165,"(None,)",http://127.0.0.1:5000/,2024-01-20T11:50:04.544Z,,False,False,False,False,842.0,4.0,
mousemove,Page,2024-01-20T11:50:04.350Z,,,Chrome,120.0.0.0,57976.40000009537,1536,864.0,182.69.182.165,"(None,)",http://127.0.0.1:5000/,2024-01-20T11:50:04.544Z,,False,False,False,False,705.0,279.0,
mousemove,Page,2024-01-20T11:50:03.822Z,,,Chrome,120.0.0.0,57448.5,1536,864.0,182.69.182.165,"(None,)",http://127.0.0.1:5000/,2024-01-20T11:50:04.350Z,,False,False,False,False,708.0,228.0,
mousemove,Page,2024-01-20T11:50:03.092Z,,,Chrome,120.0.0.0,56718.60000038147,1536,864.0,182.69.182.165,"(None,)",http://127.0.0.1:5000/,2024-01-20T11:50:03.092Z,,False,False,False,False,753.0,0.0,
zoom,Page,2024-01-20T11:50:02.893Z,,,Chrome,120.0.0.0,56519.5,1536,864.0,182.69.182.165,"(None,)",http://127.0.0.1:5000/,2024-01-20T11:50:03.092Z,,False,False,False,False,713.0,162.0,
scroll,Page,2024-01-20T11:50:01.927Z,,,Chrome,120.0.0.0,55553.40000009537,1536,864.0,182.69.182.165,"(None,)",http://127.0.0.1:5000/,2024-01-20T11:50:01.927Z,,False,False,False,False,0.0,274.5599975585937,
scroll,Page,2024-01-20T11:50:01.337Z,,,Chrome,120.0.0.0,54963.10000038147,1536,864.0,182.69.182.165,"(None,)",http://127.0.0.1:5000/,2024-01-20T11:50:01.337Z,,False,False,False,False,0.0,570.239990234375,
zoom,Page,2024-01-20T11:50:00.373Z,,,Chrome,120.0.0.0,53999.5,1536,864.0,182.69.182.165,"(None,)",http://127.0.0.1:5000/,2024-01-20T11:50:00.373Z,,False,False,False,False,713.0,162.0,
zoom,Page,2024-01-20T11:50:00.304Z,,,Chrome,120.0.0.0,53930.5,1536,864.0,182.69.182.165,"(None,)",http://127.0.0.1:5000/,2024-01-20T11:50:00.373Z,,False,False,False,False,713.0,162.0,
mousemove,flex-container,2024-01-20T11:49:54.218Z,,,Chrome,120.0.0.0,47843.90000009537,1536,864.0,182.69.182.165,"(None,)",http://127.0.0.1:5000/,2024-01-20T11:49:54.218Z,,False,False,False,False,713.0,162.0,
mousemove,flex-container,2024-01-20T11:49:53.989Z,,,Chrome,120.0.0.0,47615.40000009537,1536,864.0,182.69.182.165,"(None,)",http://127.0.0.1:5000/,2024-01-20T11:49:54.218Z,,False,False,False,False,666.0,63.0,
mousemove,flex-container,2024-01-20T11:49:38.026Z,,,Chrome,120.0.0.0,31652.10000038147,1536,864.0,182.69.182.165,"(None,)",http://127.0.0.1:5000/,2024-01-20T11:49:38.026Z,,False,False,False,False,683.0,87.0,
mousemove,Page,2024-01-20T11:49:34.824Z,,,Chrome,120.0.0.0,28449.80000019073,1536,864.0,182.69.182.165,"(None,)",http://127.0.0.1:5000/,2024-01-20T11:49:38.026Z,,False,False,False,False,304.0,316.0,
mousemove,Page,2024-01-20T11:49:33.591Z,,,Chrome,120.0.0.0,27217.10000038147,1536,864.0,182.69.182.165,"(None,)",http://127.0.0.1:5000/,2024-01-20T11:49:34.824Z,,False,False,False,False,1032.0,124.0,
mousemove,Page,2024-01-20T11:49:23.629Z,,,Chrome,120.0.0.0,17255.300000190735,1536,864.0,182.69.182.165,"(None,)",http://127.0.0.1:5000/,2024-01-20T11:49:23.629Z,,False,False,False,False,1069.0,0.0,
mousemove,Page,2024-01-20T11:49:23.104Z,,,Chrome,120.0.0.0,16730.300000190735,1536,864.0,182.69.182.165,"(None,)",http://127.0.0.1:5000/,2024-01-20T11:49:23.629Z,,False,False,False,False,763.0,9.0,
mousemove,flex-container,2024-01-20T11:49:17.201Z,,,Chrome,120.0.0.0,10827.700000286102,1536,864.0,182.69.182.165,"(None,)",http://127.0.0.1:5000/,2024-01-20T11:49:17.201Z,,False,False,False,False,684.0,93.0,
scroll,Page,2024-01-20T11:49:09.258Z,,,Chrome,120.0.0.0,2884.2000002861023,1536,864.0,182.69.182.165,"(None,)",http://127.0.0.1:5000/,2024-01-20T11:49:10.728Z,,False,False,False,False,0.0,735.3599853515625,
scroll,Page,2024-01-20T11:49:09.584Z,,,Chrome,120.0.0.0,3210.5,1536,864.0,182.69.182.165,"(None,)",http://127.0.0.1:5000/,2024-01-20T11:49:10.728Z,,False,False,False,False,0.0,317.44000244140625,
scroll,Page,2024-01-20T11:49:09.872Z,,,Chrome,120.0.0.0,3498.4000000953674,1536,864.0,182.69.182.165,"(None,)",http://127.0.0.1:5000/,2024-01-20T11:49:10.728Z,,False,False,False,False,0.0,438.3999938964844,
mousemove,Page,2024-01-20T11:49:10.495Z,,,Chrome,120.0.0.0,4121.10000038147,1536,864.0,182.69.182.165,"(None,)",http://127.0.0.1:5000/,2024-01-20T11:49:10.728Z,,False,False,False,False,310.0,327.0,
mousemove,Page,2024-01-20T11:49:08.095Z,,,Chrome,120.0.0.0,1721.0,1536,864.0,182.69.182.165,"(None,)",http://127.0.0.1:5000/,2024-01-20T11:49:10.495Z,,False,False,False,False,579.0,299.0,
mousemove,Page,2024-01-20T11:49:07.719Z,,,Chrome,120.0.0.0,1345.4000000953674,1536,864.0,182.69.182.165,"(None,)",http://127.0.0.1:5000/,2024-01-20T11:49:09.872Z,,False,False,False,False,580.0,152.0,
mousemove,Page,2024-01-20T11:49:07.518Z,,,Chrome,120.0.0.0,1144.3000001907349,1536,864.0,182.69.182.165,"(None,)",http://127.0.0.1:5000/,2024-01-20T11:49:09.584Z,,False,False,False,False,631.0,201.0,
mousemove,Page,2024-01-20T11:49:07.427Z,,,Chrome,120.0.0.0,1053.4000000953674,1536,864.0,182.69.182.165,"(None,)",http://127.0.0.1:5000/,2024-01-20T11:49:09.258Z,,False,False,False,False,632.0,203.0,
session_end,Page,2024-01-20T11:43:52.975Z,,,Chrome,120.0.0.0,34755.800000190735,1536,864.0,,,,2024-01-20T11:43:46.002Z,2024-01-20T17:13:52.975Z,False,False,False,False,,,
mousemove,Page,2024-01-20T11:49:07.317Z,,,Chrome,120.0.0.0,943.5,1536,864.0,182.69.182.165,"(None,)",http://127.0.0.1:5000/,2024-01-20T11:49:08.095Z,,False,False,False,False,634.0,206.0,
session_end,Page,2024-01-20T11:43:52.975Z,,,Chrome,120.0.0.0,34755.800000190735,1536,864.0,,,,2024-01-20T11:43:46.002Z,2024-01-20T17:13:52.975Z,False,False,False,False,,,
mousemove,flex-container,2024-01-20T11:43:46.002Z,,,Chrome,120.0.0.0,27782.80000019073,1536,864.0,182.69.182.165,"(None,)",http://127.0.0.1:5000/,2024-01-20T11:43:46.002Z,,False,False,False,False,227.0,20.0,
mousemove,Page,2024-01-20T11:43:45.358Z,,,Chrome,120.0.0.0,27138.80000019073,1536,864.0,182.69.182.165,"(None,)",http://127.0.0.1:5000/,2024-01-20T11:43:46.002Z,,False,False,False,False,184.0,524.0,
mousemove,Page,2024-01-20T11:43:43.220Z,,,Chrome,120.0.0.0,25000.59999990464,1536,864.0,182.69.182.165,"(None,)",http://127.0.0.1:5000/,2024-01-20T11:43:43.220Z,,False,False,False,False,277.0,334.0,
zoom,Page,2024-01-20T11:43:41.398Z,,,Chrome,120.0.0.0,23178.09999990464,1536,864.0,182.69.182.165,"(None,)",http://127.0.0.1:5000/,2024-01-20T11:43:41.398Z,,False,False,False,False,168.0,352.0,
zoom,Page,2024-01-20T11:43:40.361Z,,,Chrome,120.0.0.0,22141.30000019073,1536,864.0,182.69.182.165,"(None,)",http://127.0.0.1:5000/,2024-01-20T11:43:40.361Z,,False,False,False,False,168.0,352.0,
zoom,Page,2024-01-20T11:43:39.785Z,,,Chrome,120.0.0.0,21565.699999809265,1536,864.0,182.69.182.165,"(None,)",http://127.0.0.1:5000/,2024-01-20T11:43:39.785Z,,False,False,False,False,168.0,352.0,
zoom,Page,2024-01-20T11:43:39.272Z,,,Chrome,120.0.0.0,21052.59999990464,1536,864.0,182.69.182.165,"(None,)",http://127.0.0.1:5000/,2024-01-20T11:43:39.272Z,,False,False,False,False,169.0,352.0,
zoom,Page,2024-01-20T11:43:38.542Z,,,Chrome,120.0.0.0,20327.80000019073,1536,864.0,182.69.182.165,"(None,)",http://127.0.0.1:5000/,2024-01-20T11:43:38.542Z,,False,False,False,False,168.0,352.0,
zoom,Page,2024-01-20T11:43:37.499Z,,,Chrome,120.0.0.0,19284.900000095367,1536,864.0,182.69.182.165,"(None,)",http://127.0.0.1:5000/,2024-01-20T11:43:37.499Z,,False,False,False,False,168.0,352.0,
zoom,Page,2024-01-20T11:43:36.595Z,,,Chrome,120.0.0.0,18381.09999990464,1536,864.0,182.69.182.165,"(None,)",http://127.0.0.1:5000/,2024-01-20T11:43:37.499Z,,False,False,False,False,168.0,352.0,
scroll,Page,2024-01-20T11:43:36.025Z,,,Chrome,120.0.0.0,17810.900000095367,1536,864.0,182.69.182.165,"(None,)",http://127.0.0.1:5000/,2024-01-20T11:43:36.595Z,,False,False,False,False,0.0,2780.159912109375,
scroll,Page,2024-01-20T11:43:35.504Z,,,Chrome,120.0.0.0,17290.199999809265,1536,864.0,182.69.182.165,"(None,)",http://127.0.0.1:5000/,2024-01-20T11:43:36.025Z,,False,False,False,False,0.0,2728.320068359375,
scroll,Page,2024-01-20T11:43:33.267Z,,,Chrome,120.0.0.0,15053.0,1536,864.0,182.69.182.165,"(None,)",http://127.0.0.1:5000/,2024-01-20T11:43:35.504Z,,False,False,False,False,0.0,924.7999877929688,
scroll,Page,2024-01-20T11:43:33.163Z,,,Chrome,120.0.0.0,14948.699999809263,1536,864.0,182.69.182.165,"(None,)",http://127.0.0.1:5000/,2024-01-20T11:43:33.267Z,,False,False,False,False,0.0,924.1599731445312,
scroll,Page,2024-01-20T11:43:32.566Z,,,Chrome,120.0.0.0,14352.199999809263,1536,864.0,182.69.182.165,"(None,)",http://127.0.0.1:5000/,2024-01-20T11:43:33.267Z,,False,False,False,False,0.0,537.5999755859375,
mousemove,flex-item,2024-01-20T11:43:32.082Z,,,Chrome,120.0.0.0,13868.5,1536,864.0,182.69.182.165,"(None,)",http://127.0.0.1:5000/,2024-01-20T11:43:33.267Z,,False,False,False,False,181.0,402.0,
scroll,Page,2024-01-20T11:43:31.037Z,,,Chrome,120.0.0.0,12823.400000095367,1536,864.0,182.69.182.165,"(None,)",http://127.0.0.1:5000/,2024-01-20T11:43:32.566Z,,False,False,False,False,0.0,214.3999938964844,
mousemove,Page,2024-01-20T11:43:30.452Z,,,Chrome,120.0.0.0,12238.099999904633,1536,864.0,182.69.182.165,"(None,)",http://127.0.0.1:5000/,2024-01-20T11:43:32.082Z,,False,False,False,False,161.0,317.0,
mousemove,Page,2024-01-20T11:43:27.469Z,,,Chrome,120.0.0.0,9255.599999904633,1536,864.0,182.69.182.165,"(None,)",http://127.0.0.1:5000/,2024-01-20T11:43:27.469Z,,False,False,False,False,702.0,318.0,
mousemove,Page,2024-01-20T11:43:27.203Z,,,Chrome,120.0.0.0,8989.5,1536,864.0,182.69.182.165,"(None,)",http://127.0.0.1:5000/,2024-01-20T11:43:27.469Z,,False,False,False,False,702.0,318.0,
mousemove,Page,2024-01-20T11:43:24.747Z,,,Chrome,120.0.0.0,6532.800000190735,1536,864.0,182.69.182.165,"(None,)",http://127.0.0.1:5000/,2024-01-20T11:43:24.747Z,,False,False,False,False,632.0,332.0,
mousemove,Page,2024-01-20T11:43:23.687Z,,,Chrome,120.0.0.0,5473.300000190735,1536,864.0,182.69.182.165,"(None,)",http://127.0.0.1:5000/,2024-01-20T11:43:23.687Z,,False,False,False,False,625.0,160.0,
zoom,Page,2024-01-20T11:43:23.110Z,,,Chrome,120.0.0.0,4895.900000095367,1536,864.0,182.69.182.165,"(None,)",http://127.0.0.1:5000/,2024-01-20T11:43:23.110Z,,False,False,False,False,444.0,213.0,
scroll,Page,2024-01-20T11:43:21.929Z,,,Chrome,120.0.0.0,3715.599999904633,1536,864.0,182.69.182.165,"(None,)",http://127.0.0.1:5000/,2024-01-20T11:43:21.929Z,,False,False,False,False,0.0,348.79998779296875,
scroll,Page,2024-01-20T11:43:20.047Z,,,Chrome,120.0.0.0,1833.0,1536,864.0,182.69.182.165,"(None,)",http://127.0.0.1:5000/,2024-01-20T11:43:20.047Z,,False,False,False,False,0.0,1177.5999755859375,
scroll,Page,2024-01-20T11:43:19.880Z,,,Chrome,120.0.0.0,1666.0999999046326,1536,864.0,182.69.182.165,"(None,)",http://127.0.0.1:5000/,2024-01-20T11:43:20.047Z,,False,False,False,False,0.0,1151.3599853515625,
mousemove,Page,2024-01-20T11:43:18.899Z,,,Chrome,120.0.0.0,685.5,1536,864.0,182.69.182.165,"(None,)",http://127.0.0.1:5000/,2024-01-20T11:43:18.899Z,,False,False,False,False,444.0,213.0,
scroll,Page,2024-01-20T11:43:18.335Z,,,Chrome,120.0.0.0,120.80000019073486,1536,864.0,182.69.182.165,"(None,)",http://127.0.0.1:5000/,2024-01-20T11:43:18.335Z,,False,False,False,False,0.0,380.1600036621094,
mousemove,Page,2024-01-20T11:43:16.006Z,,,Chrome,120.0.0.0,32369.0,1536,864.0,182.69.182.165,"('',)",http://127.0.0.1:5000/map,2024-01-20T11:43:17.208Z,,False,False,False,False,83.0,101.0,
mousemove,Page,2024-01-20T11:43:15.039Z,,,Chrome,120.0.0.0,31402.09999990464,1536,864.0,182.69.182.165,"('',)",http://127.0.0.1:5000/map,2024-01-20T11:43:17.208Z,,False,False,False,False,300.0,59.0,
mousemove,Page,2024-01-20T11:43:14.888Z,,,Chrome,120.0.0.0,31251.0,1536,864.0,182.69.182.165,"('',)",http://127.0.0.1:5000/map,2024-01-20T11:43:17.208Z,,False,False,False,False,299.0,60.0,
mousemove,Page,2024-01-20T11:43:14.697Z,,,Chrome,120.0.0.0,31059.39999961853,1536,864.0,182.69.182.165,"('',)",http://127.0.0.1:5000/map,2024-01-20T11:43:17.208Z,,False,False,False,False,299.0,62.0,
mousemove,Page,2024-01-20T11:43:14.411Z,,,Chrome,120.0.0.0,30773.59999990464,1536,864.0,182.69.182.165,"('',)",http://127.0.0.1:5000/map,2024-01-20T11:43:16.723Z,,False,False,False,False,292.0,71.0,
mousemove,Page,2024-01-20T11:43:14.322Z,,,Chrome,120.0.0.0,30684.699999809265,1536,864.0,182.69.182.165,"('',)",http://127.0.0.1:5000/map,2024-01-20T11:43:16.723Z,,False,False,False,False,291.0,72.0,
mousemove,Page,2024-01-20T11:43:14.208Z,,,Chrome,120.0.0.0,30570.699999809265,1536,864.0,182.69.182.165,"('',)",http://127.0.0.1:5000/map,2024-01-20T11:43:16.175Z,,False,False,False,False,290.0,73.0,
mousemove,Page,2024-01-20T11:43:14.024Z,,,Chrome,120.0.0.0,30387.0,1536,864.0,182.69.182.165,"('',)",http://127.0.0.1:5000/map,2024-01-20T11:43:16.175Z,,False,False,False,False,288.0,74.0,
mousemove,Page,2024-01-20T11:43:13.961Z,,,Chrome,120.0.0.0,30324.09999990464,1536,864.0,182.69.182.165,"('',)",http://127.0.0.1:5000/map,2024-01-20T11:43:15.039Z,,False,False,False,False,287.0,74.0,
mousemove,Page,2024-01-20T11:43:13.853Z,,,Chrome,120.0.0.0,30215.5,1536,864.0,182.69.182.165,"('',)",http://127.0.0.1:5000/map,2024-01-20T11:43:15.039Z,,False,False,False,False,286.0,75.0,
mousemove,Page,2024-01-20T11:43:13.790Z,,,Chrome,120.0.0.0,30152.799999713898,1536,864.0,182.69.182.165,"('',)",http://127.0.0.1:5000/map,2024-01-20T11:43:15.039Z,,False,False,False,False,285.0,75.0,
mousemove,Page,2024-01-20T11:43:13.489Z,,,Chrome,120.0.0.0,29851.799999713898,1536,864.0,182.69.182.165,"('',)",http://127.0.0.1:5000/map,2024-01-20T11:43:15.039Z,,False,False,False,False,282.0,78.0,
mousemove,options,2024-01-20T11:43:13.268Z,,,Chrome,120.0.0.0,29631.299999713898,1536,864.0,182.69.182.165,"('',)",http://127.0.0.1:5000/map,2024-01-20T11:43:14.697Z,,False,False,False,False,282.0,81.0,
mousemove,options,2024-01-20T11:43:12.986Z,,,Chrome,120.0.0.0,29349.09999990464,1536,864.0,182.69.182.165,"('',)",http://127.0.0.1:5000/map,2024-01-20T11:43:14.411Z,,False,False,False,False,283.0,84.0,
mousemove,search_btn,2024-01-20T11:43:12.639Z,,,Chrome,120.0.0.0,29002.299999713898,1536,864.0,182.69.182.165,"('',)",http://127.0.0.1:5000/map,2024-01-20T11:43:14.024Z,,False,False,False,False,233.0,90.0,
mousemove,search_btn,2024-01-20T11:43:12.561Z,,,Chrome,120.0.0.0,28924.299999713898,1536,864.0,182.69.182.165,"('',)",http://127.0.0.1:5000/map,2024-01-20T11:43:13.853Z,,False,False,False,False,232.0,90.0,
mousemove,search_btn,2024-01-20T11:43:12.385Z,,,Chrome,120.0.0.0,28747.89999961853,1536,864.0,182.69.182.165,"('',)",http://127.0.0.1:5000/map,2024-01-20T11:43:13.489Z,,False,False,False,False,232.0,90.0,
mousemove,search_btn,2024-01-20T11:43:12.257Z,,,Chrome,120.0.0.0,28620.199999809265,1536,864.0,182.69.182.165,"('',)",http://127.0.0.1:5000/map,2024-01-20T11:43:13.269Z,,False,False,False,False,230.0,90.0,
mousemove,search_btn,2024-01-20T11:43:12.164Z,,,Chrome,120.0.0.0,28526.5,1536,864.0,182.69.182.165,"('',)",http://127.0.0.1:5000/map,2024-01-20T11:43:12.986Z,,False,False,False,False,229.0,90.0,
click,search_btn,2024-01-20T11:42:51.622Z,,,Chrome,120.0.0.0,7984.5,1536,864.0,182.69.182.165,"('',)",http://127.0.0.1:5000/map,2024-01-20T11:42:51.622Z,,False,False,False,False,228.0,90.0,
mousemove,search_btn,2024-01-20T11:42:48.073Z,,,Chrome,120.0.0.0,4435.5,1536,864.0,182.69.182.165,"('',)",http://127.0.0.1:5000/map,2024-01-20T11:42:48.073Z,,False,False,False,False,228.0,90.0,
mousemove,search_btn,2024-01-20T11:42:47.981Z,,,Chrome,120.0.0.0,4343.5,1536,864.0,182.69.182.165,"('',)",http://127.0.0.1:5000/map,2024-01-20T11:42:48.073Z,,False,False,False,False,229.0,90.0,
mousemove,search_btn,2024-01-20T11:42:47.886Z,,,Chrome,120.0.0.0,4249.199999809265,1536,864.0,182.69.182.165,"('',)",http://127.0.0.1:5000/map,2024-01-20T11:42:48.073Z,,False,False,False,False,229.0,90.0,
mousemove,search_btn,2024-01-20T11:42:47.825Z,,,Chrome,120.0.0.0,4187.599999904633,1536,864.0,182.69.182.165,"('',)",http://127.0.0.1:5000/map,2024-01-20T11:42:48.073Z,,False,False,False,False,231.0,91.0,
session_end,Page,2024-01-20T11:42:43.637Z,,,Chrome,120.0.0.0,4606.099999904633,1536,864.0,,,,2024-01-20T11:42:43.162Z,2024-01-20T17:12:43.637Z,False,False,False,False,,,
scroll,Page,2024-01-20T11:42:42.620Z,,,Chrome,120.0.0.0,3589.3999996185303,1536,864.0,182.69.182.165,"(None,)",http://127.0.0.1:5000/,2024-01-20T11:42:43.162Z,,False,False,False,False,0.0,380.1600036621094,
scroll,Page,2024-01-20T11:42:41.612Z,,,Chrome,120.0.0.0,2581.099999904633,1536,864.0,182.69.182.165,"(None,)",http://127.0.0.1:5000/,2024-01-20T11:42:41.612Z,,False,False,False,False,0.0,98.55999755859376,
mousemove,Page,2024-01-20T11:42:41.227Z,,,Chrome,120.0.0.0,2195.8999996185303,1536,864.0,182.69.182.165,"(None,)",http://127.0.0.1:5000/,2024-01-20T11:42:41.612Z,,False,False,False,False,451.0,422.0,
mousemove,Page,2024-01-20T11:42:40.752Z,,,Chrome,120.0.0.0,1721.1999998092651,1536,864.0,182.69.182.165,"(None,)",http://127.0.0.1:5000/,2024-01-20T11:42:41.227Z,,False,False,False,False,531.0,128.0,
mousemove,Page,2024-01-20T11:42:40.514Z,,,Chrome,120.0.0.0,1483.5999999046326,1536,864.0,182.69.182.165,"(None,)",http://127.0.0.1:5000/,2024-01-20T11:42:41.227Z,,False,False,False,False,457.0,130.0,
mousemove,Page,2024-01-20T11:41:01.675Z,,,Chrome,120.0.0.0,181143.8000001908,1536,864.0,182.69.182.165,"(None,)",http://127.0.0.1:5000/,2024-01-20T11:41:02.665Z,,False,False,False,False,619.0,75.0,
session_end,Page,2024-01-20T11:41:02.615Z,,,Chrome,120.0.0.0,182083.09999990463,1536,864.0,,,,2024-01-20T11:41:02.174Z,2024-01-20T17:11:02.615Z,False,False,False,False,,,
mousemove,Page,2024-01-20T11:41:00.850Z,,,Chrome,120.0.0.0,180318.8000001908,1536,864.0,182.69.182.165,"(None,)",http://127.0.0.1:5000/,2024-01-20T11:41:02.174Z,,False,False,False,False,620.0,396.0,
scroll,Page,2024-01-20T11:41:00.687Z,,,Chrome,120.0.0.0,180155.2000002861,1536,864.0,182.69.182.165,"(None,)",http://127.0.0.1:5000/,2024-01-20T11:41:00.850Z,,False,False,False,False,0.0,552.9600219726562,
scroll,Page,2024-01-20T11:40:59.478Z,,,Chrome,120.0.0.0,178946.09999990463,1536,864.0,182.69.182.165,"(None,)",http://127.0.0.1:5000/,2024-01-20T11:41:00.850Z,,False,False,False,False,0.0,2049.280029296875,
scroll,Page,2024-01-20T11:40:59.416Z,,,Chrome,120.0.0.0,178884.3000001907,1536,864.0,182.69.182.165,"(None,)",http://127.0.0.1:5000/,2024-01-20T11:40:59.478Z,,False,False,False,False,0.0,2049.919921875,
mousemove,Page,2024-01-20T11:40:57.859Z,,,Chrome,120.0.0.0,177327.5,1536,864.0,182.69.182.165,"(None,)",http://127.0.0.1:5000/,2024-01-20T11:40:59.478Z,,False,False,False,False,584.0,204.0,
scroll,Page,2024-01-20T11:40:56.754Z,,,Chrome,120.0.0.0,176222.7000002861,1536,864.0,182.69.182.165,"(None,)",http://127.0.0.1:5000/,2024-01-20T11:40:56.754Z,,False,False,False,False,0.0,2655.360107421875,
scroll,Page,2024-01-20T11:40:56.671Z,,,Chrome,120.0.0.0,176139.09999990463,1536,864.0,182.69.182.165,"(None,)",http://127.0.0.1:5000/,2024-01-20T11:40:56.754Z,,False,False,False,False,0.0,2656.639892578125,
scroll,Page,2024-01-20T11:40:55.817Z,,,Chrome,120.0.0.0,175285.2000002861,1536,864.0,182.69.182.165,"(None,)",http://127.0.0.1:5000/,2024-01-20T11:40:55.817Z,,False,False,False,False,0.0,2878.080078125,
scroll,Page,2024-01-20T11:40:54.997Z,,,Chrome,120.0.0.0,174465.59999990463,1536,864.0,182.69.182.165,"(None,)",http://127.0.0.1:5000/,2024-01-20T11:40:55.817Z,,False,False,False,False,0.0,3179.52001953125,
scroll,Page,2024-01-20T11:40:54.764Z,,,Chrome,120.0.0.0,174232.3000001907,1536,864.0,182.69.182.165,"(None,)",http://127.0.0.1:5000/,2024-01-20T11:40:54.997Z,,False,False,False,False,0.0,3204.47998046875,
mousemove,Page,2024-01-20T11:40:53.185Z,,,Chrome,120.0.0.0,172654.0,1536,864.0,182.69.182.165,"(None,)",http://127.0.0.1:5000/,2024-01-20T11:40:53.185Z,,False,False,False,False,682.0,275.0,
scroll,Page,2024-01-20T11:40:51.540Z,,,Chrome,120.0.0.0,171008.3000001907,1536,864.0,182.69.182.165,"(None,)",http://127.0.0.1:5000/,2024-01-20T11:40:51.540Z,,False,False,False,False,0.0,2584.9599609375,
scroll,Page,2024-01-20T11:40:51.429Z,,,Chrome,120.0.0.0,170897.7000002861,1536,864.0,182.69.182.165,"(None,)",http://127.0.0.1:5000/,2024-01-20T11:40:51.540Z,,False,False,False,False,0.0,2586.239990234375,
scroll,Page,2024-01-20T11:40:50.055Z,,,Chrome,120.0.0.0,169523.2000002861,1536,864.0,182.69.182.165,"(None,)",http://127.0.0.1:5000/,2024-01-20T11:40:50.055Z,,False,False,False,False,0.0,2990.080078125,
scroll,Page,2024-01-20T11:40:49.986Z,,,Chrome,120.0.0.0,169454.3000001907,1536,864.0,182.69.182.165,"(None,)",http://127.0.0.1:5000/,2024-01-20T11:40:50.055Z,,False,False,False,False,0.0,2990.719970703125,
scroll,Page,2024-01-20T11:40:46.409Z,,,Chrome,120.0.0.0,165877.90000009537,1536,864.0,182.69.182.165,"(None,)",http://127.0.0.1:5000/,2024-01-20T11:40:46.409Z,,False,False,False,False,0.0,337.9200134277344,
mousemove,Page,2024-01-20T11:40:45.638Z,,,Chrome,120.0.0.0,165107.09999990463,1536,864.0,182.69.182.165,"(None,)",http://127.0.0.1:5000/,2024-01-20T11:40:46.409Z,,False,False,False,False,540.0,409.0,
mousemove,Page,2024-01-20T11:38:13.673Z,,,Chrome,120.0.0.0,13163.0,1536,864.0,182.69.182.165,"(None,)",http://127.0.0.1:5000/,2024-01-20T11:38:13.673Z,,False,False,False,False,412.0,138.0,
mousemove,Page,2024-01-20T11:38:06.412Z,,,Chrome,120.0.0.0,5902.0,1536,864.0,182.69.182.165,"(None,)",http://127.0.0.1:5000/,2024-01-20T11:38:06.412Z,,False,False,False,False,334.0,564.0,
mousemove,Page,2024-01-20T11:38:03.931Z,,,Chrome,120.0.0.0,3421.099999904633,1536,864.0,182.69.182.165,"(None,)",http://127.0.0.1:5000/,2024-01-20T11:38:03.931Z,,False,False,False,False,704.0,581.0,
mousemove,Page,2024-01-20T11:38:03.314Z,,,Chrome,120.0.0.0,2803.5,1536,864.0,182.69.182.165,"(None,)",http://127.0.0.1:5000/,2024-01-20T11:38:03.931Z,,False,False,False,False,896.0,558.0,
zoom,Page,2024-01-20T11:38:03.170Z,,,Chrome,120.0.0.0,2659.800000190735,1536,864.0,182.69.182.165,"(None,)",http://127.0.0.1:5000/,2024-01-20T11:38:03.314Z,,False,False,False,False,556.0,368.0,
mousemove,Page,2024-01-20T11:38:01.258Z,,,Chrome,120.0.0.0,747.3000001907349,1536,864.0,182.69.182.165,"(None,)",http://127.0.0.1:5000/,2024-01-20T11:38:01.258Z,,False,False,False,False,556.0,368.0,
mousemove,Page,2024-01-20T11:37:40.377Z,,,Chrome,120.0.0.0,2683.699999809265,1536,864.0,182.69.182.165,"(None,)",http://127.0.0.1:5000/,2024-01-20T11:37:40.955Z,,False,False,False,False,655.0,122.0,
mousemove,Page,2024-01-20T11:37:40.325Z,,,Chrome,120.0.0.0,2631.8999996185303,1536,864.0,182.69.182.165,"(None,)",http://127.0.0.1:5000/,2024-01-20T11:37:40.955Z,,False,False,False,False,656.0,121.0,
zoom,Page,2024-01-20T11:37:39.524Z,,,Chrome,120.0.0.0,1830.699999809265,1536,864.0,182.69.182.165,"(None,)",http://127.0.0.1:5000/,2024-01-20T11:37:40.955Z,,False,False,False,False,512.0,280.0,
mousemove,Page,2024-01-20T11:37:38.346Z,,,Chrome,120.0.0.0,653.0,1536,864.0,182.69.182.165,"(None,)",http://127.0.0.1:5000/,2024-01-20T11:37:40.955Z,,False,False,False,False,512.0,280.0,
session_end,Page,2024-01-20T11:37:40.895Z,,,Chrome,120.0.0.0,3201.8999996185303,1536,864.0,,,,2024-01-20T11:37:40.502Z,2024-01-20T17:07:40.895Z,False,False,False,False,,,
scroll,Page,2024-01-20T11:37:37.815Z,,,Chrome,120.0.0.0,122.09999990463255,1536,864.0,182.69.182.165,"(None,)",http://127.0.0.1:5000/,2024-01-20T11:37:38.346Z,,False,False,False,False,0.0,1660.1600341796875,
session_end,Page,2024-01-20T11:37:35.399Z,,,Chrome,120.0.0.0,5638.900000095367,1536,864.0,,,,2024-01-20T11:37:34.994Z,2024-01-20T17:07:35.399Z,False,False,False,False,,,
zoom,flex-container,2024-01-20T11:37:31.711Z,,,Chrome,120.0.0.0,1950.900000095368,1536,864.0,182.69.182.165,"(None,)",http://127.0.0.1:5000/,2024-01-20T11:37:31.711Z,,False,False,False,False,668.0,462.0,
session_end,Page,2024-01-20T11:37:10.265Z,,,Chrome,120.0.0.0,1764.7999997138977,1536,864.0,,,,2024-01-20T11:37:08.739Z,2024-01-20T17:07:10.265Z,False,False,False,False,,,
mousemove,flex-container,2024-01-20T11:37:31.293Z,,,Chrome,120.0.0.0,1533.0,1536,864.0,182.69.182.165,"(None,)",http://127.0.0.1:5000/,2024-01-20T11:37:31.711Z,,False,False,False,False,668.0,462.0,
session_end,Page,2024-01-20T11:37:10.265Z,,,Chrome,120.0.0.0,1764.7999997138977,1536,864.0,,,,2024-01-20T11:37:08.739Z,2024-01-20T17:07:10.265Z,False,False,False,False,,,
scroll,Page,2024-01-20T11:37:08.739Z,,,Chrome,120.0.0.0,238.6999998092652,1536,864.0,182.69.182.165,"(None,)",http://127.0.0.1:5000/,2024-01-20T11:37:08.739Z,,False,False,False,False,0.0,1683.199951171875,
click,Page,2024-01-20T11:11:44.018Z,,,Chrome,120.0.0.0,4167.89999961853,1536,864.0,182.69.182.165,"(None,)",http://127.0.0.1:5000/,2024-01-20T11:11:44.018Z,,False,False,False,False,650.0,135.0,
session_end,Page,2024-01-20T11:11:43.959Z,,,Chrome,120.0.0.0,4108.699999809265,1536,864.0,,,,2024-01-20T11:11:43.548Z,2024-01-20T16:41:43.959Z,False,False,False,False,,,
mousemove,Page,2024-01-20T11:11:43.548Z,,,Chrome,120.0.0.0,3698.2999997138977,1536,864.0,182.69.182.165,"(None,)",http://127.0.0.1:5000/,2024-01-20T11:11:43.548Z,,False,False,False,False,650.0,135.0,
mousemove,Page,2024-01-20T11:11:42.987Z,,,Chrome,120.0.0.0,3136.8999996185303,1536,864.0,182.69.182.165,"(None,)",http://127.0.0.1:5000/,2024-01-20T11:11:42.987Z,,False,False,False,False,552.0,180.0,
mousemove,Page,2024-01-20T11:11:42.214Z,,,Chrome,120.0.0.0,2363.7999997138977,1536,864.0,182.69.182.165,"(None,)",http://127.0.0.1:5000/,2024-01-20T11:11:42.987Z,,False,False,False,False,913.0,332.0,
mousemove,Page,2024-01-20T11:05:34.877Z,,,Chrome,120.0.0.0,52334.2000002861,1536,864.0,182.69.182.165,"(None,)",http://127.0.0.1:5000/,2024-01-20T11:05:34.877Z,,False,False,False,False,162.0,0.0,
click,Page,2024-01-20T11:05:12.207Z,,,Chrome,120.0.0.0,3130.0,1536,864.0,182.69.182.165,"(None,)",http://127.0.0.1:5000/,2024-01-20T11:05:12.207Z,,False,False,False,False,648.0,131.0,
session_end,Page,2024-01-20T11:05:12.147Z,,,Chrome,120.0.0.0,3070.0,1536,864.0,,,,2024-01-20T11:05:11.721Z,2024-01-20T16:35:12.147Z,False,False,False,False,,,
mousemove,Page,2024-01-20T11:05:11.721Z,,,Chrome,120.0.0.0,2644.199999809265,1536,864.0,182.69.182.165,"(None,)",http://127.0.0.1:5000/,2024-01-20T11:05:11.721Z,,False,False,False,False,648.0,131.0,
mousemove,Page,2024-01-20T11:05:11.472Z,,,Chrome,120.0.0.0,2394.699999809265,1536,864.0,182.69.182.165,"(None,)",http://127.0.0.1:5000/,2024-01-20T11:05:11.721Z,,False,False,False,False,647.0,133.0,
mousemove,Page,2024-01-20T11:05:11.010Z,,,Chrome,120.0.0.0,1933.5999999046328,1536,864.0,182.69.182.165,"(None,)",http://127.0.0.1:5000/,2024-01-20T11:05:11.010Z,,False,False,False,False,529.0,199.0,
scroll,Page,2024-01-20T11:05:10.537Z,,,Chrome,120.0.0.0,1460.3000001907349,1536,864.0,182.69.182.165,"(None,)",http://127.0.0.1:5000/,2024-01-20T11:05:11.010Z,,False,False,False,False,14.720000267028809,0.0,
mousemove,flex-item,2024-01-20T11:05:09.463Z,,,Chrome,120.0.0.0,386.19999980926514,1536,864.0,182.69.182.165,"(None,)",http://127.0.0.1:5000/,2024-01-20T11:05:09.463Z,,False,False,False,False,495.0,228.0,
scroll,Page,2024-01-20T11:05:09.166Z,,,Chrome,120.0.0.0,89.0,1536,864.0,182.69.182.165,"(None,)",http://127.0.0.1:5000/,2024-01-20T11:05:09.463Z,,False,False,False,False,14.720000267028809,1639.6800537109375,
session_end,Page,2024-01-20T11:05:07.536Z,,,Chrome,120.0.0.0,4329.10000038147,1536,864.0,,,,2024-01-20T11:05:07.064Z,2024-01-20T16:35:07.536Z,False,False,False,False,,,
scroll,Page,2024-01-20T11:05:05.611Z,,,Chrome,120.0.0.0,2403.4000000953674,1536,864.0,182.69.182.165,"(None,)",http://127.0.0.1:5000/,2024-01-20T11:05:07.064Z,,False,False,False,False,14.720000267028809,1880.9599609375,
scroll,Page,2024-01-20T11:05:05.415Z,,,Chrome,120.0.0.0,2208.0,1536,864.0,182.69.182.165,"(None,)",http://127.0.0.1:5000/,2024-01-20T11:05:05.611Z,,False,False,False,False,14.720000267028809,1848.3199462890625,
zoom,Page,2024-01-20T11:05:04.805Z,,,Chrome,120.0.0.0,1598.0,1536,864.0,182.69.182.165,"(None,)",http://127.0.0.1:5000/,2024-01-20T11:05:05.611Z,,False,False,False,False,670.0,337.0,
zoom,Page,2024-01-20T11:05:04.409Z,,,Chrome,120.0.0.0,1202.3000001907349,1536,864.0,182.69.182.165,"(None,)",http://127.0.0.1:5000/,2024-01-20T11:05:04.805Z,,False,False,False,False,670.0,337.0,
mousemove,Page,2024-01-20T11:05:03.562Z,,,Chrome,120.0.0.0,354.90000009536743,1536,864.0,182.69.182.165,"(None,)",http://127.0.0.1:5000/,2024-01-20T11:05:03.562Z,,False,False,False,False,687.0,236.0,
scroll,Page,2024-01-20T11:05:03.296Z,,,Chrome,120.0.0.0,88.7000002861023,1536,864.0,182.69.182.165,"(None,)",http://127.0.0.1:5000/,2024-01-20T11:05:03.562Z,,False,False,False,False,14.720000267028809,1041.9200439453125,
session_end,Page,2024-01-20T11:05:00.094Z,,,Chrome,120.0.0.0,1590.1999998092651,1536,864.0,,,,2024-01-20T11:04:59.770Z,2024-01-20T16:35:00.094Z,False,False,False,False,,,
scroll,Page,2024-01-20T11:04:59.616Z,,,Chrome,120.0.0.0,1112.0999999046326,1536,864.0,182.69.182.165,"(None,)",http://127.0.0.1:5000/,2024-01-20T11:04:59.770Z,,False,False,False,False,0.0,941.4400024414062,
mousemove,Page,2024-01-20T11:04:58.904Z,,,Chrome,120.0.0.0,400.5,1536,864.0,182.69.182.165,"(None,)",http://127.0.0.1:5000/,2024-01-20T11:04:58.904Z,,False,False,False,False,699.0,167.0,
scroll,Page,2024-01-20T11:04:58.593Z,,,Chrome,120.0.0.0,89.80000019073486,1536,864.0,182.69.182.165,"(None,)",http://127.0.0.1:5000/,2024-01-20T11:04:58.593Z,,False,False,False,False,0.0,1022.719970703125,
session_end,Page,2024-01-20T11:04:57.060Z,,,Chrome,120.0.0.0,2295.7000002861023,1536,864.0,,,,2024-01-20T11:04:56.708Z,2024-01-20T16:34:57.060Z,False,False,False,False,,,
scroll,Page,2024-01-20T11:04:54.856Z,,,Chrome,120.0.0.0,91.09999990463255,1536,864.0,182.69.182.165,"(None,)",http://127.0.0.1:5000/,2024-01-20T11:04:54.856Z,,False,False,False,False,0.0,459.5199890136719,
session_end,Page,2024-01-20T11:04:52.565Z,,,Chrome,120.0.0.0,114065.40000009535,1536,864.0,,,,2024-01-20T11:04:51.728Z,2024-01-20T16:34:52.565Z,False,False,False,False,,,
zoom,flex-container,2024-01-20T11:04:50.116Z,,,Chrome,120.0.0.0,111616.59999990465,1536,864.0,182.69.182.165,"(None,)",http://127.0.0.1:5000/,2024-01-20T11:04:51.728Z,,False,False,False,False,680.0,317.0,
scroll,Page,2024-01-20T11:04:49.854Z,,,Chrome,120.0.0.0,111354.40000009535,1536,864.0,182.69.182.165,"(None,)",http://127.0.0.1:5000/,2024-01-20T11:04:51.728Z,,False,False,False,False,0.0,459.5199890136719,
mousemove,Page,2024-01-20T11:04:48.868Z,,,Chrome,120.0.0.0,110368.40000009535,1536,864.0,182.69.182.165,"(None,)",http://127.0.0.1:5000/,2024-01-20T11:04:51.254Z,,False,False,False,False,680.0,317.0,
mousemove,Page,2024-01-20T11:04:47.358Z,,,Chrome,120.0.0.0,4815.300000190735,1536,864.0,182.69.182.165,"(None,)",http://127.0.0.1:5000/,2024-01-20T11:04:47.358Z,,False,False,False,False,175.0,1.0,
mousemove,flex-container,2024-01-20T11:04:45.021Z,,,Chrome,120.0.0.0,2477.5,1536,864.0,182.69.182.165,"(None,)",http://127.0.0.1:5000/,2024-01-20T11:04:47.358Z,,False,False,False,False,36.0,3.0,
click,Page,2024-01-20T11:04:44.896Z,,,Chrome,120.0.0.0,2353.1000003814697,1536,864.0,182.69.182.165,"(None,)",http://127.0.0.1:5000/,2024-01-20T11:04:47.358Z,,False,False,False,False,110.0,65.0,
mousemove,Page,2024-01-20T11:04:44.505Z,,,Chrome,120.0.0.0,1961.6000003814693,1536,864.0,182.69.182.165,"(None,)",http://127.0.0.1:5000/,2024-01-20T11:04:45.021Z,,False,False,False,False,110.0,65.0,
scroll,Page,2024-01-20T11:04:43.935Z,,,Chrome,120.0.0.0,1391.8000001907349,1536,864.0,182.69.182.165,"(None,)",http://127.0.0.1:5000/,2024-01-20T11:04:45.021Z,,False,False,False,False,0.0,1683.199951171875,
mousemove,Page,2024-01-20T11:04:43.574Z,,,Chrome,120.0.0.0,1030.5,1536,864.0,182.69.182.165,"(None,)",http://127.0.0.1:5000/,2024-01-20T11:04:45.021Z,,False,False,False,False,704.0,218.0,
mousemove,Page,2024-01-20T11:04:43.153Z,,,Chrome,120.0.0.0,609.8000001907349,1536,864.0,182.69.182.165,"(None,)",http://127.0.0.1:5000/,2024-01-20T11:04:45.021Z,,False,False,False,False,711.0,218.0,
mousemove,Page,2024-01-20T11:04:43.080Z,,,Chrome,120.0.0.0,537.3000001907349,1536,864.0,182.69.182.165,"(None,)",http://127.0.0.1:5000/,2024-01-20T11:04:45.021Z,,False,False,False,False,711.0,217.0,
scroll,Page,2024-01-20T11:04:42.635Z,,,Chrome,120.0.0.0,91.7000002861023,1536,864.0,182.69.182.165,"(None,)",http://127.0.0.1:5000/,2024-01-20T11:04:42.635Z,,False,False,False,False,0.0,1742.719970703125,
session_end,Page,2024-01-20T11:04:41.295Z,,,Chrome,120.0.0.0,1391.4000000953674,1536,864.0,,,,2024-01-20T11:04:40.942Z,2024-01-20T16:34:41.295Z,False,False,False,False,,,
scroll,Page,2024-01-20T11:04:40.852Z,,,Chrome,120.0.0.0,949.0,1536,864.0,182.69.182.165,"(None,)",http://127.0.0.1:5000/,2024-01-20T11:04:40.942Z,,False,False,False,False,0.0,1744.0,
mousemove,Page,2024-01-20T11:04:40.303Z,,,Chrome,120.0.0.0,399.7000002861023,1536,864.0,182.69.182.165,"(None,)",http://127.0.0.1:5000/,2024-01-20T11:04:40.303Z,,False,False,False,False,465.0,220.0,
scroll,Page,2024-01-20T11:04:39.992Z,,,Chrome,120.0.0.0,89.2000002861023,1536,864.0,182.69.182.165,"(None,)",http://127.0.0.1:5000/,2024-01-20T11:04:40.303Z,,False,False,False,False,0.0,2302.080078125,
session_end,Page,2024-01-20T11:04:38.142Z,,,Chrome,120.0.0.0,53067.5,1536,864.0,,,,2024-01-20T11:04:37.715Z,2024-01-20T16:34:38.142Z,False,False,False,False,,,
zoom,Page,2024-01-20T11:04:34.123Z,,,Chrome,120.0.0.0,49048.69999980927,1536,864.0,182.69.182.165,"(None,)",http://127.0.0.1:5000/,2024-01-20T11:04:35.394Z,,False,False,False,False,458.0,365.0,
zoom,Page,2024-01-20T11:04:33.991Z,,,Chrome,120.0.0.0,48915.7999997139,1536,864.0,182.69.182.165,"(None,)",http://127.0.0.1:5000/,2024-01-20T11:04:34.764Z,,False,False,False,False,458.0,365.0,
scroll,Page,2024-01-20T11:04:32.996Z,,,Chrome,120.0.0.0,47921.59999990463,1536,864.0,182.69.182.165,"(None,)",http://127.0.0.1:5000/,2024-01-20T11:04:34.764Z,,False,False,False,False,0.0,3244.159912109375,
scroll,Page,2024-01-20T11:04:16.794Z,,,Chrome,120.0.0.0,31719.799999713898,1536,864.0,182.69.182.165,"(None,)",http://127.0.0.1:5000/,2024-01-20T11:04:16.794Z,,False,False,False,False,0.0,3072.639892578125,
scroll,Page,2024-01-20T11:03:48.994Z,,,Chrome,120.0.0.0,3919.7999997138977,1536,864.0,182.69.182.165,"(None,)",http://127.0.0.1:5000/,2024-01-20T11:03:48.994Z,,False,False,False,False,0.0,2864.639892578125,
scroll,Page,2024-01-20T11:03:48.848Z,,,Chrome,120.0.0.0,3773.89999961853,1536,864.0,182.69.182.165,"(None,)",http://127.0.0.1:5000/,2024-01-20T11:03:48.994Z,,False,False,False,False,0.0,2865.280029296875,
scroll,Page,2024-01-20T11:03:48.783Z,,,Chrome,120.0.0.0,3708.099999904633,1536,864.0,182.69.182.165,"(None,)",http://127.0.0.1:5000/,2024-01-20T11:03:48.994Z,,False,False,False,False,0.0,2865.919921875,
mousemove,Page,2024-01-20T11:03:45.831Z,,,Chrome,120.0.0.0,756.8999996185303,1536,864.0,182.69.182.165,"(None,)",http://127.0.0.1:5000/,2024-01-20T11:03:48.848Z,,False,False,False,False,458.0,365.0,
scroll,Page,2024-01-20T11:03:45.165Z,,,Chrome,120.0.0.0,90.59999990463255,1536,864.0,182.69.182.165,"(None,)",http://127.0.0.1:5000/,2024-01-20T11:03:45.831Z,,False,False,False,False,0.0,1956.47998046875,
session_end,Page,2024-01-20T11:03:39.351Z,,,Chrome,120.0.0.0,4916.300000190735,1536,864.0,,,,2024-01-20T11:03:38.954Z,2024-01-20T16:33:39.351Z,False,False,False,False,,,
scroll,Page,2024-01-20T11:03:36.997Z,,,Chrome,120.0.0.0,2562.599999904633,1536,864.0,182.69.182.165,"(None,)",http://127.0.0.1:5000/,2024-01-20T11:03:38.040Z,,False,False,False,False,0.0,1539.199951171875,
mousemove,Page,2024-01-20T11:03:36.590Z,,,Chrome,120.0.0.0,2155.4000000953674,1536,864.0,182.69.182.165,"(None,)",http://127.0.0.1:5000/,2024-01-20T11:03:37.548Z,,False,False,False,False,453.0,523.0,
zoom,Page,2024-01-20T11:03:35.985Z,,,Chrome,120.0.0.0,1550.6999998092651,1536,864.0,182.69.182.165,"(None,)",http://127.0.0.1:5000/,2024-01-20T11:03:36.590Z,,False,False,False,False,401.0,379.0,
zoom,Page,2024-01-20T11:03:35.600Z,,,Chrome,120.0.0.0,1164.8000001907349,1536,864.0,182.69.182.165,"(None,)",http://127.0.0.1:5000/,2024-01-20T11:03:35.985Z,,False,False,False,False,401.0,379.0,
scroll,Page,2024-01-20T11:03:35.376Z,,,Chrome,120.0.0.0,941.8000001907347,1536,864.0,182.69.182.165,"(None,)",http://127.0.0.1:5000/,2024-01-20T11:03:35.985Z,,False,False,False,False,0.0,801.280029296875,
mousemove,Page,2024-01-20T11:03:34.821Z,,,Chrome,120.0.0.0,386.19999980926514,1536,864.0,182.69.182.165,"(None,)",http://127.0.0.1:5000/,2024-01-20T11:03:34.821Z,,False,False,False,False,401.0,379.0,
scroll,Page,2024-01-20T11:03:34.524Z,,,Chrome,120.0.0.0,89.80000019073486,1536,864.0,182.69.182.165,"(None,)",http://127.0.0.1:5000/,2024-01-20T11:03:34.821Z,,False,False,False,False,0.0,194.5599975585937,
mousemove,Page,2024-01-20T11:03:04.139Z,,,Chrome,120.0.0.0,5639.599999904633,1536,864.0,182.69.182.165,"(None,)",http://127.0.0.1:5000/,2024-01-20T11:03:04.139Z,,False,False,False,False,971.0,34.0,
session_end,Page,2024-01-20T11:03:32.563Z,,,Chrome,120.0.0.0,2606.8999996185303,1536,864.0,,,,2024-01-20T11:03:32.171Z,2024-01-20T16:33:32.563Z,False,False,False,False,,,
mousemove,Page,2024-01-20T11:03:04.139Z,,,Chrome,120.0.0.0,5639.599999904633,1536,864.0,182.69.182.165,"(None,)",http://127.0.0.1:5000/,2024-01-20T11:03:04.139Z,,False,False,False,False,971.0,34.0,
mousemove,Page,2024-01-20T11:03:03.815Z,,,Chrome,120.0.0.0,5315.799999713898,1536,864.0,182.69.182.165,"(None,)",http://127.0.0.1:5000/,2024-01-20T11:03:04.139Z,,False,False,False,False,636.0,304.0,
mousemove,Page,2024-01-20T11:03:00.905Z,,,Chrome,120.0.0.0,2406.099999904633,1536,864.0,182.69.182.165,"(None,)",http://127.0.0.1:5000/#,2024-01-20T11:03:00.905Z,,False,False,False,False,134.0,3.0,
zoom,Page,2024-01-20T11:03:00.637Z,,,Chrome,120.0.0.0,2138.0,1536,864.0,182.69.182.165,"(None,)",http://127.0.0.1:5000/#,2024-01-20T11:03:00.905Z,,False,False,False,False,503.0,290.0,
zoom,flex-item,2024-01-20T11:03:00.088Z,,,Chrome,120.0.0.0,1588.5999999046326,1536,864.0,182.69.182.165,"(None,)",http://127.0.0.1:5000/#,2024-01-20T11:03:00.905Z,,False,False,False,False,503.0,290.0,
mousemove,flex-item,2024-01-20T11:02:59.220Z,,,Chrome,120.0.0.0,720.5999999046326,1536,864.0,182.69.182.165,"(None,)",http://127.0.0.1:5000/#,2024-01-20T11:02:59.220Z,,False,False,False,False,503.0,290.0,
scroll,Page,2024-01-20T11:02:58.604Z,,,Chrome,120.0.0.0,105.0,1536,864.0,182.69.182.165,"(None,)",http://127.0.0.1:5000/#,2024-01-20T11:02:58.604Z,,False,False,False,False,0.0,1155.199951171875,
session_end,Page,2024-01-20T11:02:55.766Z,,,Chrome,120.0.0.0,3109.8999996185303,1536,864.0,,,,2024-01-20T11:02:55.359Z,2024-01-20T16:32:55.766Z,False,False,False,False,,,
scroll,Page,2024-01-20T11:02:54.193Z,,,Chrome,120.0.0.0,1537.2999997138977,1536,864.0,182.69.182.165,"(None,)",http://127.0.0.1:5000/#,2024-01-20T11:02:55.359Z,,False,False,False,False,0.0,1180.800048828125,
mousemove,Page,2024-01-20T11:02:53.424Z,,,Chrome,120.0.0.0,768.5999999046326,1536,864.0,182.69.182.165,"(None,)",http://127.0.0.1:5000/#,2024-01-20T11:02:54.950Z,,False,False,False,False,311.0,267.0,
click,Page,2024-01-20T11:02:35.118Z,,,Chrome,120.0.0.0,1814.8000001907349,1536,864.0,182.69.182.165,"(None,)",http://127.0.0.1:5000/#,2024-01-20T11:02:35.118Z,,False,False,False,False,675.0,133.0,
mousemove,Page,2024-01-20T11:02:34.680Z,,,Chrome,120.0.0.0,1377.4000000953674,1536,864.0,182.69.182.165,"(None,)",http://127.0.0.1:5000/#,2024-01-20T11:02:35.118Z,,False,False,False,False,675.0,133.0,
session_end,Page,2024-01-20T11:02:35.058Z,,,Chrome,120.0.0.0,1754.9000000953674,1536,864.0,,,,2024-01-20T11:02:34.680Z,2024-01-20T16:32:35.058Z,False,False,False,False,,,
mousemove,Page,2024-01-20T11:02:34.603Z,,,Chrome,120.0.0.0,1300.0999999046326,1536,864.0,182.69.182.165,"(None,)",http://127.0.0.1:5000/#,2024-01-20T11:02:34.680Z,,False,False,False,False,676.0,133.0,
mousemove,Page,2024-01-20T11:02:34.322Z,,,Chrome,120.0.0.0,1019.5999999046326,1536,864.0,182.69.182.165,"(None,)",http://127.0.0.1:5000/#,2024-01-20T11:02:34.603Z,,False,False,False,False,679.0,135.0,
mousemove,Page,2024-01-20T11:02:33.967Z,,,Chrome,120.0.0.0,664.5,1536,864.0,182.69.182.165,"(None,)",http://127.0.0.1:5000/#,2024-01-20T11:02:33.967Z,,False,False,False,False,590.0,64.0,
session_end,Page,2024-01-20T11:02:30.614Z,,,Chrome,120.0.0.0,14208.5,1536,864.0,,,,2024-01-20T11:02:30.093Z,2024-01-20T16:32:30.614Z,False,False,False,False,,,
mousemove,adminLoginBtn,2024-01-20T11:02:30.093Z,,,Chrome,120.0.0.0,13687.5,1536,864.0,182.69.182.165,"(None,)",http://127.0.0.1:5000/#,2024-01-20T11:02:30.093Z,,False,False,False,False,746.0,126.0,
mousemove,Page,2024-01-20T11:02:29.815Z,,,Chrome,120.0.0.0,13409.299999713898,1536,864.0,182.69.182.165,"(None,)",http://127.0.0.1:5000/#,2024-01-20T11:02:30.093Z,,False,False,False,False,741.0,114.0,
mousemove,Page,2024-01-20T11:02:29.597Z,,,Chrome,120.0.0.0,13191.699999809263,1536,864.0,182.69.182.165,"(None,)",http://127.0.0.1:5000/#,2024-01-20T11:02:29.815Z,,False,False,False,False,763.0,146.0,
click,Page,2024-01-20T11:02:28.707Z,,,Chrome,120.0.0.0,12301.199999809263,1536,864.0,182.69.182.165,"(None,)",http://127.0.0.1:5000/#,2024-01-20T11:02:28.707Z,,False,False,False,False,425.0,136.0,
mousemove,Page,2024-01-20T11:02:28.224Z,,,Chrome,120.0.0.0,11818.799999713898,1536,864.0,182.69.182.165,"(None,)",http://127.0.0.1:5000/#,2024-01-20T11:02:28.224Z,,False,False,False,False,426.0,136.0,
click,Page,2024-01-20T11:02:26.275Z,,,Chrome,120.0.0.0,9869.5,1536,864.0,182.69.182.165,"(None,)",http://127.0.0.1:5000/#,2024-01-20T11:02:26.275Z,,False,False,False,False,502.0,123.0,
mousemove,Page,2024-01-20T11:02:25.775Z,,,Chrome,120.0.0.0,9369.099999904633,1536,864.0,182.69.182.165,"(None,)",http://127.0.0.1:5000/#,2024-01-20T11:02:26.275Z,,False,False,False,False,502.0,123.0,
mousemove,Page,2024-01-20T11:02:25.665Z,,,Chrome,120.0.0.0,9259.39999961853,1536,864.0,182.69.182.165,"(None,)",http://127.0.0.1:5000/#,2024-01-20T11:02:25.775Z,,False,False,False,False,503.0,122.0,
click,Page,2024-01-20T11:02:24.810Z,,,Chrome,120.0.0.0,8404.799999713898,1536,864.0,182.69.182.165,"(None,)",http://127.0.0.1:5000/#,2024-01-20T11:02:24.810Z,,False,False,False,False,580.0,121.0,
mousemove,Page,2024-01-20T11:02:24.296Z,,,Chrome,120.0.0.0,7890.099999904633,1536,864.0,182.69.182.165,"(None,)",http://127.0.0.1:5000/#,2024-01-20T11:02:24.296Z,,False,False,False,False,580.0,121.0,
mousemove,Page,2024-01-20T11:02:24.095Z,,,Chrome,120.0.0.0,7689.699999809265,1536,864.0,182.69.182.165,"(None,)",http://127.0.0.1:5000/#,2024-01-20T11:02:24.296Z,,False,False,False,False,579.0,117.0,
click,Page,2024-01-20T11:02:22.505Z,,,Chrome,120.0.0.0,6099.39999961853,1536,864.0,182.69.182.165,"(None,)",http://127.0.0.1:5000/#,2024-01-20T11:02:22.505Z,,False,False,False,False,580.0,137.0,
click,Page,2024-01-20T11:02:20.715Z,,,Chrome,120.0.0.0,4309.699999809265,1536,864.0,182.69.182.165,"(None,)",http://127.0.0.1:5000/#,2024-01-20T11:02:20.715Z,,False,False,False,False,580.0,137.0,
mousemove,Page,2024-01-20T11:02:20.248Z,,,Chrome,120.0.0.0,3842.89999961853,1536,864.0,182.69.182.165,"(None,)",http://127.0.0.1:5000/,2024-01-20T11:02:20.715Z,,False,False,False,False,580.0,137.0,
mousemove,Page,2024-01-20T11:02:19.858Z,,,Chrome,120.0.0.0,3452.099999904633,1536,864.0,182.69.182.165,"(None,)",http://127.0.0.1:5000/,2024-01-20T11:02:20.715Z,,False,False,False,False,568.0,92.0,
zoom,Page,2024-01-20T11:02:19.156Z,,,Chrome,120.0.0.0,2750.3999996185303,1536,864.0,182.69.182.165,"(None,)",http://127.0.0.1:5000/,2024-01-20T11:02:20.248Z,,False,False,False,False,784.0,400.0,
mousemove,Page,2024-01-20T11:02:18.269Z,,,Chrome,120.0.0.0,1863.199999809265,1536,864.0,182.69.182.165,"(None,)",http://127.0.0.1:5000/,2024-01-20T11:02:20.248Z,,False,False,False,False,784.0,400.0,
mousemove,Page,2024-01-20T11:02:18.084Z,,,Chrome,120.0.0.0,1678.5999999046326,1536,864.0,182.69.182.165,"(None,)",http://127.0.0.1:5000/,2024-01-20T11:02:18.269Z,,False,False,False,False,743.0,140.0,
mousemove,Page,2024-01-20T11:02:18.033Z,,,Chrome,120.0.0.0,1627.7999997138977,1536,864.0,182.69.182.165,"(None,)",http://127.0.0.1:5000/,2024-01-20T11:02:18.269Z,,False,False,False,False,744.0,140.0,
scroll,Page,2024-01-20T11:02:17.762Z,,,Chrome,120.0.0.0,1356.5999999046326,1536,864.0,182.69.182.165,"(None,)",http://127.0.0.1:5000/,2024-01-20T11:02:18.269Z,,False,False,False,False,0.0,248.32000732421875,
mousemove,flex-container,2024-01-20T11:02:17.024Z,,,Chrome,120.0.0.0,618.8999996185303,1536,864.0,182.69.182.165,"(None,)",http://127.0.0.1:5000/,2024-01-20T11:02:18.084Z,,False,False,False,False,661.0,259.0,
session_end,Page,2024-01-20T11:02:16.405Z,,,Chrome,120.0.0.0,38669.2999997139,1536,864.0,,,,2024-01-20T11:02:15.671Z,2024-01-20T16:32:16.405Z,False,False,False,False,,,
scroll,Page,2024-01-20T11:02:16.513Z,,,Chrome,120.0.0.0,107.09999990463255,1536,864.0,182.69.182.165,"(None,)",http://127.0.0.1:5000/,2024-01-20T11:02:16.513Z,,False,False,False,False,0.0,460.1600036621094,
mousemove,Page,2024-01-20T11:02:15.671Z,,,Chrome,120.0.0.0,37934.89999961853,1536,864.0,182.69.182.165,"('nanded',)",http://127.0.0.1:5000/map,2024-01-20T11:02:15.671Z,,False,False,False,False,0.0,7.0,
mousemove,Page,2024-01-20T11:02:15.537Z,,,Chrome,120.0.0.0,37800.89999961853,1536,864.0,182.69.182.165,"('nanded',)",http://127.0.0.1:5000/map,2024-01-20T11:02:15.671Z,,False,False,False,False,0.0,49.0,
mousemove,Page,2024-01-20T11:02:14.940Z,,,Chrome,120.0.0.0,37203.89999961853,1536,864.0,182.69.182.165,"('nanded',)",http://127.0.0.1:5000/map,2024-01-20T11:02:15.671Z,,False,False,False,False,318.0,10.0,
mousemove,Page,2024-01-20T11:02:14.364Z,,,Chrome,120.0.0.0,36628.2999997139,1536,864.0,182.69.182.165,"('nanded',)",http://127.0.0.1:5000/map,2024-01-20T11:02:14.940Z,,False,False,False,False,1120.0,510.0,
mousemove,Page,2024-01-20T11:02:14.180Z,,,Chrome,120.0.0.0,36444.0,1536,864.0,182.69.182.165,"('nanded',)",http://127.0.0.1:5000/map,2024-01-20T11:02:14.940Z,,False,False,False,False,1121.0,580.0,
mousemove,Page,2024-01-20T11:02:01.490Z,,,Chrome,120.0.0.0,23754.39999961853,1536,864.0,182.69.182.165,"('nanded',)",http://127.0.0.1:5000/map,2024-01-20T11:02:01.490Z,,False,False,False,False,1143.0,576.0,
mousemove,Page,2024-01-20T11:02:01.120Z,,,Chrome,120.0.0.0,23384.0,1536,864.0,182.69.182.165,"('nanded',)",http://127.0.0.1:5000/map,2024-01-20T11:02:01.490Z,,False,False,False,False,1171.0,491.0,
mousemove,Page,2024-01-20T11:02:00.666Z,,,Chrome,120.0.0.0,22929.59999990464,1536,864.0,182.69.182.165,"('nanded',)",http://127.0.0.1:5000/map,2024-01-20T11:02:01.120Z,,False,False,False,False,1140.0,257.0,
mousemove,Page,2024-01-20T11:02:00.213Z,,,Chrome,120.0.0.0,22477.39999961853,1536,864.0,182.69.182.165,"('nanded',)",http://127.0.0.1:5000/map,2024-01-20T11:02:01.120Z,,False,False,False,False,532.0,162.0,
click,search_btn,2024-01-20T11:01:52.375Z,,,Chrome,120.0.0.0,14638.799999713898,1536,864.0,182.69.182.165,"('nanded',)",http://127.0.0.1:5000/map,2024-01-20T11:01:52.375Z,,False,False,False,False,212.0,88.0,
click,search_btn,2024-01-20T11:01:50.598Z,,,Chrome,120.0.0.0,12862.0,1536,864.0,182.69.182.165,"('nanded',)",http://127.0.0.1:5000/map,2024-01-20T11:01:50.598Z,,False,False,False,False,212.0,88.0,
mousemove,search_btn,2024-01-20T11:01:50.128Z,,,Chrome,120.0.0.0,12392.199999809263,1536,864.0,182.69.182.165,"('nanded',)",http://127.0.0.1:5000/map,2024-01-20T11:01:50.128Z,,False,False,False,False,212.0,88.0,
mousemove,search_btn,2024-01-20T11:01:49.889Z,,,Chrome,120.0.0.0,12152.599999904633,1536,864.0,182.69.182.165,"('nanded',)",http://127.0.0.1:5000/map,2024-01-20T11:01:50.128Z,,False,False,False,False,209.0,87.0,
click,search_input,2024-01-20T11:01:46.768Z,,,Chrome,120.0.0.0,9032.299999713898,1536,864.0,182.69.182.165,"('',)",http://127.0.0.1:5000/map,2024-01-20T11:01:46.768Z,,False,False,False,False,167.0,88.0,
mousemove,search_input,2024-01-20T11:01:46.228Z,,,Chrome,120.0.0.0,8491.799999713898,1536,864.0,182.69.182.165,"('',)",http://127.0.0.1:5000/map,2024-01-20T11:01:46.768Z,,False,False,False,False,167.0,88.0,
mousemove,search_input,2024-01-20T11:01:46.090Z,,,Chrome,120.0.0.0,8353.599999904633,1536,864.0,182.69.182.165,"('',)",http://127.0.0.1:5000/map,2024-01-20T11:01:46.228Z,,False,False,False,False,169.0,85.0,
mousemove,search_input,2024-01-20T11:01:45.917Z,,,Chrome,120.0.0.0,8181.39999961853,1536,864.0,182.69.182.165,"('',)",http://127.0.0.1:5000/map,2024-01-20T11:01:46.228Z,,False,False,False,False,170.0,84.0,
mousemove,search_btn,2024-01-20T11:01:45.661Z,,,Chrome,120.0.0.0,7924.89999961853,1536,864.0,182.69.182.165,"('',)",http://127.0.0.1:5000/map,2024-01-20T11:01:45.917Z,,False,False,False,False,186.0,81.0,
mousemove,Page,2024-01-20T11:01:44.748Z,,,Chrome,120.0.0.0,7012.099999904633,1536,864.0,182.69.182.165,"('',)",http://127.0.0.1:5000/map,2024-01-20T11:01:44.748Z,,False,False,False,False,152.0,2.0,
mousemove,Page,2024-01-20T11:01:43.833Z,,,Chrome,120.0.0.0,6096.89999961853,1536,864.0,182.69.182.165,"('',)",http://127.0.0.1:5000/map,2024-01-20T11:01:44.748Z,,False,False,False,False,274.0,148.0,
mousemove,Page,2024-01-20T11:01:43.501Z,,,Chrome,120.0.0.0,5765.199999809265,1536,864.0,182.69.182.165,"('',)",http://127.0.0.1:5000/map,2024-01-20T11:01:43.833Z,,False,False,False,False,730.0,497.0,
mousemove,Page,2024-01-20T11:01:43.437Z,,,Chrome,120.0.0.0,5701.299999713898,1536,864.0,182.69.182.165,"('',)",http://127.0.0.1:5000/map,2024-01-20T11:01:43.833Z,,False,False,False,False,729.0,497.0,
mousemove,Page,2024-01-20T11:01:43.263Z,,,Chrome,120.0.0.0,5527.39999961853,1536,864.0,182.69.182.165,"('',)",http://127.0.0.1:5000/map,2024-01-20T11:01:43.833Z,,False,False,False,False,723.0,496.0,
mousemove,Page,2024-01-20T11:01:42.500Z,,,Chrome,120.0.0.0,4763.799999713898,1536,864.0,182.69.182.165,"('',)",http://127.0.0.1:5000/map,2024-01-20T11:01:43.501Z,,False,False,False,False,635.0,425.0,
mousemove,Page,2024-01-20T11:01:39.132Z,,,Chrome,120.0.0.0,1396.6999998092651,1536,864.0,182.69.182.165,"('',)",http://127.0.0.1:5000/map,2024-01-20T11:01:39.133Z,,False,False,False,False,284.0,288.0,
session_end,Page,2024-01-20T11:01:37.734Z,,,Chrome,120.0.0.0,2442.8999996185303,1536,864.0,,,,2024-01-20T11:01:37.647Z,2024-01-20T16:31:37.734Z,False,False,False,False,,,
mousemove,Page,2024-01-20T11:01:36.252Z,,,Chrome,120.0.0.0,960.6999998092653,1536,864.0,Unknown,"(None,)",http://127.0.0.1:5000/,2024-01-20T11:01:37.787Z,,False,False,False,False,648.0,414.0,
